<?xml version="1.0" encoding="UTF-8"?>
<metadata xml:lang="en"><Esri><CreaDate>20230712</CreaDate><CreaTime>14124700</CreaTime><ArcGISFormat>1.0</ArcGISFormat><SyncOnce>FALSE</SyncOnce><DataProperties><itemProps><itemName Sync="TRUE">a_Arctic_Hospitality_OSM</itemName><imsContentType Sync="TRUE">002</imsContentType><itemSize Sync="TRUE">0.000</itemSize><itemLocation><linkage Sync="TRUE">file://\\files.brown.edu\Research\IBES_EarthLab\Seda_Salap_Ayca\CPAD_Summer\Arctic_CPAD\a_Arctic_Hospitality_OSM.shp</linkage><protocol Sync="TRUE">Local Area Network</protocol></itemLocation></itemProps><coordRef><type Sync="TRUE">Geographic</type><geogcsn Sync="TRUE">GCS_WGS_1984</geogcsn><csUnits Sync="TRUE">Angular Unit: Degree (0.017453)</csUnits><peXml Sync="TRUE">&lt;GeographicCoordinateSystem xsi:type='typens:GeographicCoordinateSystem' xmlns:xsi='http://www.w3.org/2001/XMLSchema-instance' xmlns:xs='http://www.w3.org/2001/XMLSchema' xmlns:typens='http://www.esri.com/schemas/ArcGIS/3.1.0'&gt;&lt;WKT&gt;GEOGCS[&amp;quot;GCS_WGS_1984&amp;quot;,DATUM[&amp;quot;D_WGS_1984&amp;quot;,SPHEROID[&amp;quot;WGS_1984&amp;quot;,6378137.0,298.257223563]],PRIMEM[&amp;quot;Greenwich&amp;quot;,0.0],UNIT[&amp;quot;Degree&amp;quot;,0.0174532925199433],AUTHORITY[&amp;quot;EPSG&amp;quot;,4326]]&lt;/WKT&gt;&lt;XOrigin&gt;-400&lt;/XOrigin&gt;&lt;YOrigin&gt;-400&lt;/YOrigin&gt;&lt;XYScale&gt;11258999068426.238&lt;/XYScale&gt;&lt;ZOrigin&gt;-100000&lt;/ZOrigin&gt;&lt;ZScale&gt;10000&lt;/ZScale&gt;&lt;MOrigin&gt;-100000&lt;/MOrigin&gt;&lt;MScale&gt;10000&lt;/MScale&gt;&lt;XYTolerance&gt;8.983152841195215e-09&lt;/XYTolerance&gt;&lt;ZTolerance&gt;0.001&lt;/ZTolerance&gt;&lt;MTolerance&gt;0.001&lt;/MTolerance&gt;&lt;HighPrecision&gt;true&lt;/HighPrecision&gt;&lt;LeftLongitude&gt;-180&lt;/LeftLongitude&gt;&lt;WKID&gt;4326&lt;/WKID&gt;&lt;LatestWKID&gt;4326&lt;/LatestWKID&gt;&lt;/GeographicCoordinateSystem&gt;</peXml></coordRef><lineage><Process ToolSource="c:\program files\arcgis\pro\Resources\ArcToolbox\toolboxes\Analysis Tools.tbx\Select" Date="20230712" Time="141248">Select D:/POLAR/OSM/Alaska/gis_osm_buildings_a_free_1.shp D:/POLAR/OSM\temp_1.shp ""type" = 'guesthouse' OR "type" = 'hostel' OR "type" = 'hotel' OR "type" = 'motel'"</Process><Process ToolSource="c:\program files\arcgis\pro\Resources\ArcToolbox\toolboxes\Data Management Tools.tbx\CopyFeatures" Date="20230712" Time="141248">CopyFeatures D:/POLAR/OSM\temp_1.shp D:/POLAR/OSM\temp_outdata.shp # # # #</Process><Process ToolSource="c:\program files\arcgis\pro\Resources\ArcToolbox\toolboxes\Data Management Tools.tbx\FeatureToPoint" Date="20230712" Time="141249">FeatureToPoint D:/POLAR/OSM\temp_outdata.shp D:/POLAR/OSM\temp_1.shp CENTROID</Process><Process ToolSource="c:\program files\arcgis\pro\Resources\ArcToolbox\toolboxes\Data Management Tools.tbx\Merge" Date="20230712" Time="141511">Merge D:/POLAR/OSM\temp_1.shp;D:/POLAR/OSM\temp_2.shp;D:/POLAR/OSM\temp_3.shp;D:/POLAR/OSM\temp_4.shp;D:/POLAR/OSM\temp_5.shp;D:/POLAR/OSM\temp_6.shp;D:/POLAR/OSM\temp_7.shp;D:/POLAR/OSM\temp_8.shp;D:/POLAR/OSM\temp_9.shp;D:/POLAR/OSM\temp_10.shp;D:/POLAR/OSM\temp_11.shp;D:/POLAR/OSM\temp_12.shp;D:/POLAR/OSM\temp_13.shp;D:/POLAR/OSM\temp_14.shp;D:/POLAR/OSM\temp_15.shp;D:/POLAR/OSM\temp_16.shp;D:/POLAR/OSM\temp_17.shp;D:/POLAR/OSM\temp_18.shp;D:/POLAR/OSM\temp_19.shp;D:/POLAR/OSM\temp_20.shp;D:/POLAR/OSM\temp_21.shp;D:/POLAR/OSM\temp_22.shp;D:/POLAR/OSM\temp_23.shp;D:/POLAR/OSM\temp_24.shp;D:/POLAR/OSM\temp_25.shp;D:/POLAR/OSM\temp_26.shp;D:/POLAR/OSM\temp_27.shp;D:/POLAR/OSM\temp_28.shp;D:/POLAR/OSM\temp_29.shp;D:/POLAR/OSM\temp_30.shp;D:/POLAR/OSM\temp_31.shp;D:/POLAR/OSM\temp_32.shp;D:/POLAR/OSM\temp_33.shp;D:/POLAR/OSM\temp_34.shp;D:/POLAR/OSM\temp_35.shp;D:/POLAR/OSM\temp_36.shp;D:/POLAR/OSM\temp_37.shp;D:/POLAR/OSM\temp_38.shp;D:/POLAR/OSM\temp_39.shp;D:/POLAR/OSM\temp_40.shp;D:/POLAR/OSM\temp_41.shp;D:/POLAR/OSM\temp_42.shp;D:/POLAR/OSM\temp_43.shp;D:/POLAR/OSM\temp_44.shp;D:/POLAR/OSM\temp_45.shp D:\POLAR\OSM\OSM_Extracted\Arctic_Hospitality_OSM.shp "osm_id "osm_id" true true false 12 Text 0 0,First,#,D:/POLAR/OSM\temp_1.shp,osm_id,0,12,D:/POLAR/OSM\temp_2.shp,osm_id,0,12,D:/POLAR/OSM\temp_3.shp,osm_id,0,12,D:/POLAR/OSM\temp_4.shp,osm_id,0,12,D:/POLAR/OSM\temp_5.shp,osm_id,0,12,D:/POLAR/OSM\temp_6.shp,osm_id,0,12,D:/POLAR/OSM\temp_7.shp,osm_id,0,12,D:/POLAR/OSM\temp_8.shp,osm_id,0,12,D:/POLAR/OSM\temp_9.shp,osm_id,0,12,D:/POLAR/OSM\temp_10.shp,osm_id,0,12,D:/POLAR/OSM\temp_11.shp,osm_id,0,12,D:/POLAR/OSM\temp_12.shp,osm_id,0,12,D:/POLAR/OSM\temp_13.shp,osm_id,0,12,D:/POLAR/OSM\temp_14.shp,osm_id,0,12,D:/POLAR/OSM\temp_15.shp,osm_id,0,12,D:/POLAR/OSM\temp_16.shp,osm_id,0,12,D:/POLAR/OSM\temp_17.shp,osm_id,0,12,D:/POLAR/OSM\temp_18.shp,osm_id,0,12,D:/POLAR/OSM\temp_19.shp,osm_id,0,12,D:/POLAR/OSM\temp_20.shp,osm_id,0,12,D:/POLAR/OSM\temp_21.shp,osm_id,0,12,D:/POLAR/OSM\temp_22.shp,osm_id,0,12,D:/POLAR/OSM\temp_23.shp,osm_id,0,12,D:/POLAR/OSM\temp_24.shp,osm_id,0,12,D:/POLAR/OSM\temp_25.shp,osm_id,0,12,D:/POLAR/OSM\temp_26.shp,osm_id,0,12,D:/POLAR/OSM\temp_27.shp,osm_id,0,12,D:/POLAR/OSM\temp_28.shp,osm_id,0,12,D:/POLAR/OSM\temp_29.shp,osm_id,0,12,D:/POLAR/OSM\temp_30.shp,osm_id,0,12,D:/POLAR/OSM\temp_31.shp,osm_id,0,12,D:/POLAR/OSM\temp_32.shp,osm_id,0,12,D:/POLAR/OSM\temp_33.shp,osm_id,0,12,D:/POLAR/OSM\temp_34.shp,osm_id,0,12,D:/POLAR/OSM\temp_35.shp,osm_id,0,12,D:/POLAR/OSM\temp_36.shp,osm_id,0,12,D:/POLAR/OSM\temp_37.shp,osm_id,0,12,D:/POLAR/OSM\temp_38.shp,osm_id,0,12,D:/POLAR/OSM\temp_39.shp,osm_id,0,12,D:/POLAR/OSM\temp_40.shp,osm_id,0,12,D:/POLAR/OSM\temp_41.shp,osm_id,0,12,D:/POLAR/OSM\temp_42.shp,osm_id,0,12,D:/POLAR/OSM\temp_43.shp,osm_id,0,12,D:/POLAR/OSM\temp_44.shp,osm_id,0,12,D:/POLAR/OSM\temp_45.shp,osm_id,0,12;code "code" true true false 4 Short 0 4,First,#,D:/POLAR/OSM\temp_1.shp,code,-1,-1,D:/POLAR/OSM\temp_2.shp,code,-1,-1,D:/POLAR/OSM\temp_3.shp,code,-1,-1,D:/POLAR/OSM\temp_4.shp,code,-1,-1,D:/POLAR/OSM\temp_5.shp,code,-1,-1,D:/POLAR/OSM\temp_6.shp,code,-1,-1,D:/POLAR/OSM\temp_7.shp,code,-1,-1,D:/POLAR/OSM\temp_8.shp,code,-1,-1,D:/POLAR/OSM\temp_9.shp,code,-1,-1,D:/POLAR/OSM\temp_10.shp,code,-1,-1,D:/POLAR/OSM\temp_11.shp,code,-1,-1,D:/POLAR/OSM\temp_12.shp,code,-1,-1,D:/POLAR/OSM\temp_13.shp,code,-1,-1,D:/POLAR/OSM\temp_14.shp,code,-1,-1,D:/POLAR/OSM\temp_15.shp,code,-1,-1,D:/POLAR/OSM\temp_16.shp,code,-1,-1,D:/POLAR/OSM\temp_17.shp,code,-1,-1,D:/POLAR/OSM\temp_18.shp,code,-1,-1,D:/POLAR/OSM\temp_19.shp,code,-1,-1,D:/POLAR/OSM\temp_20.shp,code,-1,-1,D:/POLAR/OSM\temp_21.shp,code,-1,-1,D:/POLAR/OSM\temp_22.shp,code,-1,-1,D:/POLAR/OSM\temp_23.shp,code,-1,-1,D:/POLAR/OSM\temp_24.shp,code,-1,-1,D:/POLAR/OSM\temp_25.shp,code,-1,-1,D:/POLAR/OSM\temp_26.shp,code,-1,-1,D:/POLAR/OSM\temp_27.shp,code,-1,-1,D:/POLAR/OSM\temp_28.shp,code,-1,-1,D:/POLAR/OSM\temp_29.shp,code,-1,-1,D:/POLAR/OSM\temp_30.shp,code,-1,-1,D:/POLAR/OSM\temp_31.shp,code,-1,-1,D:/POLAR/OSM\temp_32.shp,code,-1,-1,D:/POLAR/OSM\temp_33.shp,code,-1,-1,D:/POLAR/OSM\temp_34.shp,code,-1,-1,D:/POLAR/OSM\temp_35.shp,code,-1,-1,D:/POLAR/OSM\temp_36.shp,code,-1,-1,D:/POLAR/OSM\temp_37.shp,code,-1,-1,D:/POLAR/OSM\temp_38.shp,code,-1,-1,D:/POLAR/OSM\temp_39.shp,code,-1,-1,D:/POLAR/OSM\temp_40.shp,code,-1,-1,D:/POLAR/OSM\temp_41.shp,code,-1,-1,D:/POLAR/OSM\temp_42.shp,code,-1,-1,D:/POLAR/OSM\temp_43.shp,code,-1,-1,D:/POLAR/OSM\temp_44.shp,code,-1,-1,D:/POLAR/OSM\temp_45.shp,code,-1,-1;fclass "fclass" true true false 28 Text 0 0,First,#,D:/POLAR/OSM\temp_1.shp,fclass,0,28,D:/POLAR/OSM\temp_2.shp,fclass,0,28,D:/POLAR/OSM\temp_3.shp,fclass,0,28,D:/POLAR/OSM\temp_4.shp,fclass,0,28,D:/POLAR/OSM\temp_5.shp,fclass,0,28,D:/POLAR/OSM\temp_6.shp,fclass,0,28,D:/POLAR/OSM\temp_7.shp,fclass,0,28,D:/POLAR/OSM\temp_8.shp,fclass,0,28,D:/POLAR/OSM\temp_9.shp,fclass,0,28,D:/POLAR/OSM\temp_10.shp,fclass,0,28,D:/POLAR/OSM\temp_11.shp,fclass,0,28,D:/POLAR/OSM\temp_12.shp,fclass,0,28,D:/POLAR/OSM\temp_13.shp,fclass,0,28,D:/POLAR/OSM\temp_14.shp,fclass,0,28,D:/POLAR/OSM\temp_15.shp,fclass,0,28,D:/POLAR/OSM\temp_16.shp,fclass,0,28,D:/POLAR/OSM\temp_17.shp,fclass,0,28,D:/POLAR/OSM\temp_18.shp,fclass,0,28,D:/POLAR/OSM\temp_19.shp,fclass,0,28,D:/POLAR/OSM\temp_20.shp,fclass,0,28,D:/POLAR/OSM\temp_21.shp,fclass,0,28,D:/POLAR/OSM\temp_22.shp,fclass,0,28,D:/POLAR/OSM\temp_23.shp,fclass,0,28,D:/POLAR/OSM\temp_24.shp,fclass,0,28,D:/POLAR/OSM\temp_25.shp,fclass,0,28,D:/POLAR/OSM\temp_26.shp,fclass,0,28,D:/POLAR/OSM\temp_27.shp,fclass,0,28,D:/POLAR/OSM\temp_28.shp,fclass,0,28,D:/POLAR/OSM\temp_29.shp,fclass,0,28,D:/POLAR/OSM\temp_30.shp,fclass,0,28,D:/POLAR/OSM\temp_31.shp,fclass,0,28,D:/POLAR/OSM\temp_32.shp,fclass,0,28,D:/POLAR/OSM\temp_33.shp,fclass,0,28,D:/POLAR/OSM\temp_34.shp,fclass,0,28,D:/POLAR/OSM\temp_35.shp,fclass,0,28,D:/POLAR/OSM\temp_36.shp,fclass,0,28,D:/POLAR/OSM\temp_37.shp,fclass,0,28,D:/POLAR/OSM\temp_38.shp,fclass,0,28,D:/POLAR/OSM\temp_39.shp,fclass,0,28,D:/POLAR/OSM\temp_40.shp,fclass,0,28,D:/POLAR/OSM\temp_41.shp,fclass,0,28,D:/POLAR/OSM\temp_42.shp,fclass,0,28,D:/POLAR/OSM\temp_43.shp,fclass,0,28,D:/POLAR/OSM\temp_44.shp,fclass,0,28,D:/POLAR/OSM\temp_45.shp,fclass,0,28;name "name" true true false 100 Text 0 0,First,#,D:/POLAR/OSM\temp_1.shp,name,0,100,D:/POLAR/OSM\temp_2.shp,name,0,100,D:/POLAR/OSM\temp_3.shp,name,0,100,D:/POLAR/OSM\temp_4.shp,name,0,100,D:/POLAR/OSM\temp_5.shp,name,0,100,D:/POLAR/OSM\temp_6.shp,name,0,100,D:/POLAR/OSM\temp_7.shp,name,0,100,D:/POLAR/OSM\temp_8.shp,name,0,100,D:/POLAR/OSM\temp_9.shp,name,0,100,D:/POLAR/OSM\temp_10.shp,name,0,100,D:/POLAR/OSM\temp_11.shp,name,0,100,D:/POLAR/OSM\temp_12.shp,name,0,100,D:/POLAR/OSM\temp_13.shp,name,0,100,D:/POLAR/OSM\temp_14.shp,name,0,100,D:/POLAR/OSM\temp_15.shp,name,0,100,D:/POLAR/OSM\temp_16.shp,name,0,100,D:/POLAR/OSM\temp_17.shp,name,0,100,D:/POLAR/OSM\temp_18.shp,name,0,100,D:/POLAR/OSM\temp_19.shp,name,0,100,D:/POLAR/OSM\temp_20.shp,name,0,100,D:/POLAR/OSM\temp_21.shp,name,0,100,D:/POLAR/OSM\temp_22.shp,name,0,100,D:/POLAR/OSM\temp_23.shp,name,0,100,D:/POLAR/OSM\temp_24.shp,name,0,100,D:/POLAR/OSM\temp_25.shp,name,0,100,D:/POLAR/OSM\temp_26.shp,name,0,100,D:/POLAR/OSM\temp_27.shp,name,0,100,D:/POLAR/OSM\temp_28.shp,name,0,100,D:/POLAR/OSM\temp_29.shp,name,0,100,D:/POLAR/OSM\temp_30.shp,name,0,100,D:/POLAR/OSM\temp_31.shp,name,0,100,D:/POLAR/OSM\temp_32.shp,name,0,100,D:/POLAR/OSM\temp_33.shp,name,0,100,D:/POLAR/OSM\temp_34.shp,name,0,100,D:/POLAR/OSM\temp_35.shp,name,0,100,D:/POLAR/OSM\temp_36.shp,name,0,100,D:/POLAR/OSM\temp_37.shp,name,0,100,D:/POLAR/OSM\temp_38.shp,name,0,100,D:/POLAR/OSM\temp_39.shp,name,0,100,D:/POLAR/OSM\temp_40.shp,name,0,100,D:/POLAR/OSM\temp_41.shp,name,0,100,D:/POLAR/OSM\temp_42.shp,name,0,100,D:/POLAR/OSM\temp_43.shp,name,0,100,D:/POLAR/OSM\temp_44.shp,name,0,100,D:/POLAR/OSM\temp_45.shp,name,0,100;type "type" true true false 20 Text 0 0,First,#,D:/POLAR/OSM\temp_1.shp,type,0,20,D:/POLAR/OSM\temp_4.shp,type,0,20,D:/POLAR/OSM\temp_7.shp,type,0,20,D:/POLAR/OSM\temp_10.shp,type,0,20,D:/POLAR/OSM\temp_13.shp,type,0,20,D:/POLAR/OSM\temp_16.shp,type,0,20,D:/POLAR/OSM\temp_19.shp,type,0,20,D:/POLAR/OSM\temp_22.shp,type,0,20,D:/POLAR/OSM\temp_25.shp,type,0,20,D:/POLAR/OSM\temp_28.shp,type,0,20,D:/POLAR/OSM\temp_31.shp,type,0,20,D:/POLAR/OSM\temp_34.shp,type,0,20,D:/POLAR/OSM\temp_37.shp,type,0,20,D:/POLAR/OSM\temp_40.shp,type,0,20,D:/POLAR/OSM\temp_43.shp,type,0,20;ORIG_FID "ORIG_FID" true true false 10 Long 0 10,First,#,D:/POLAR/OSM\temp_1.shp,ORIG_FID,-1,-1,D:/POLAR/OSM\temp_3.shp,ORIG_FID,-1,-1,D:/POLAR/OSM\temp_4.shp,ORIG_FID,-1,-1,D:/POLAR/OSM\temp_6.shp,ORIG_FID,-1,-1,D:/POLAR/OSM\temp_7.shp,ORIG_FID,-1,-1,D:/POLAR/OSM\temp_9.shp,ORIG_FID,-1,-1,D:/POLAR/OSM\temp_10.shp,ORIG_FID,-1,-1,D:/POLAR/OSM\temp_12.shp,ORIG_FID,-1,-1,D:/POLAR/OSM\temp_13.shp,ORIG_FID,-1,-1,D:/POLAR/OSM\temp_15.shp,ORIG_FID,-1,-1,D:/POLAR/OSM\temp_16.shp,ORIG_FID,-1,-1,D:/POLAR/OSM\temp_18.shp,ORIG_FID,-1,-1,D:/POLAR/OSM\temp_19.shp,ORIG_FID,-1,-1,D:/POLAR/OSM\temp_21.shp,ORIG_FID,-1,-1,D:/POLAR/OSM\temp_22.shp,ORIG_FID,-1,-1,D:/POLAR/OSM\temp_24.shp,ORIG_FID,-1,-1,D:/POLAR/OSM\temp_25.shp,ORIG_FID,-1,-1,D:/POLAR/OSM\temp_27.shp,ORIG_FID,-1,-1,D:/POLAR/OSM\temp_28.shp,ORIG_FID,-1,-1,D:/POLAR/OSM\temp_30.shp,ORIG_FID,-1,-1,D:/POLAR/OSM\temp_31.shp,ORIG_FID,-1,-1,D:/POLAR/OSM\temp_33.shp,ORIG_FID,-1,-1,D:/POLAR/OSM\temp_34.shp,ORIG_FID,-1,-1,D:/POLAR/OSM\temp_36.shp,ORIG_FID,-1,-1,D:/POLAR/OSM\temp_37.shp,ORIG_FID,-1,-1,D:/POLAR/OSM\temp_39.shp,ORIG_FID,-1,-1,D:/POLAR/OSM\temp_40.shp,ORIG_FID,-1,-1,D:/POLAR/OSM\temp_42.shp,ORIG_FID,-1,-1,D:/POLAR/OSM\temp_43.shp,ORIG_FID,-1,-1,D:/POLAR/OSM\temp_45.shp,ORIG_FID,-1,-1" NO_SOURCE_INFO</Process><Process ToolSource="c:\program files\arcgis\pro\Resources\ArcToolbox\toolboxes\Data Management Tools.tbx\CalculateField" Date="20230712" Time="141512">CalculateField D:/POLAR/OSM/OSM_Extracted/Arctic_Hospitality_OSM.shp type populateType(!type!, !fclass!) PYTHON_9.3 "
def populateType(type, fclass):
    if type == " ": 
        return fclass
    else:
        return type" Text NO_ENFORCE_DOMAINS</Process><Process Name="Pairwise Intersect" ToolSource="c:\program files\arcgis\pro\Resources\ArcToolbox\toolboxes\Analysis Tools.tbx\PairwiseIntersect" Date="20240808" Time="174629">PairwiseIntersect Arctic_Hospitality_OSM;R:\IBES_EarthLab\Seda_Salap_Ayca\CPAD_Summer\arctic_base.shp R:\IBES_EarthLab\Seda_Salap_Ayca\CPAD_Summer\Arctic_CPAD\a_Arctic_Hospitality_OSM.shp "All attributes" # "Same as input"</Process></lineage></DataProperties><SyncDate>20240808</SyncDate><SyncTime>17462800</SyncTime><ModDate>20240808</ModDate><ModTime>17462800</ModTime></Esri><dataIdInfo><envirDesc Sync="TRUE">Microsoft Windows 10 Version 10.0 (Build 19045) ; Esri ArcGIS 13.1.2.41833</envirDesc><dataLang><languageCode value="eng" Sync="TRUE"></languageCode><countryCode value="USA" Sync="TRUE"></countryCode></dataLang><idCitation><resTitle Sync="TRUE">a_Arctic_Hospitality_OSM</resTitle><presForm><PresFormCd value="005" Sync="TRUE"></PresFormCd></presForm></idCitation><spatRpType><SpatRepTypCd value="001" Sync="TRUE"></SpatRepTypCd></spatRpType></dataIdInfo><mdLang><languageCode value="eng" Sync="TRUE"></languageCode><countryCode value="USA" Sync="TRUE"></countryCode></mdLang><mdChar><CharSetCd value="004" Sync="TRUE"></CharSetCd></mdChar><distInfo><distFormat><formatName Sync="TRUE">Shapefile</formatName></distFormat><distTranOps><transSize Sync="TRUE">0.000</transSize></distTranOps></distInfo><mdHrLv><ScopeCd value="005" Sync="TRUE"></ScopeCd></mdHrLv><mdHrLvName Sync="TRUE">dataset</mdHrLvName><refSysInfo><RefSystem><refSysID><identCode code="4326" Sync="TRUE"></identCode><idCodeSpace Sync="TRUE">EPSG</idCodeSpace><idVersion Sync="TRUE">6.2(3.0.1)</idVersion></refSysID></RefSystem></refSysInfo><spatRepInfo><VectSpatRep><geometObjs Name="a_Arctic_Hospitality_OSM"><geoObjTyp><GeoObjTypCd value="004" Sync="TRUE"></GeoObjTypCd></geoObjTyp><geoObjCnt Sync="TRUE">0</geoObjCnt></geometObjs><topLvl><TopoLevCd value="001" Sync="TRUE"></TopoLevCd></topLvl></VectSpatRep></spatRepInfo><spdoinfo><ptvctinf><esriterm Name="a_Arctic_Hospitality_OSM"><efeatyp Sync="TRUE">Simple</efeatyp><efeageom code="1" Sync="TRUE"></efeageom><esritopo Sync="TRUE">FALSE</esritopo><efeacnt Sync="TRUE">0</efeacnt><spindex Sync="TRUE">FALSE</spindex><linrefer Sync="TRUE">FALSE</linrefer></esriterm></ptvctinf></spdoinfo><eainfo><detailed Name="a_Arctic_Hospitality_OSM"><enttyp><enttypl Sync="TRUE">a_Arctic_Hospitality_OSM</enttypl><enttypt Sync="TRUE">Feature Class</enttypt><enttypc Sync="TRUE">0</enttypc></enttyp><attr><attrlabl Sync="TRUE">FID</attrlabl><attalias Sync="TRUE">FID</attalias><attrtype Sync="TRUE">OID</attrtype><attwidth Sync="TRUE">4</attwidth><atprecis Sync="TRUE">0</atprecis><attscale Sync="TRUE">0</attscale><attrdef Sync="TRUE">Internal feature number.</attrdef><attrdefs Sync="TRUE">Esri</attrdefs><attrdomv><udom Sync="TRUE">Sequential unique whole numbers that are automatically generated.</udom></attrdomv></attr><attr><attrlabl Sync="TRUE">Shape</attrlabl><attalias Sync="TRUE">Shape</attalias><attrtype Sync="TRUE">Geometry</attrtype><attwidth Sync="TRUE">0</attwidth><atprecis Sync="TRUE">0</atprecis><attscale Sync="TRUE">0</attscale><attrdef Sync="TRUE">Feature geometry.</attrdef><attrdefs Sync="TRUE">Esri</attrdefs><attrdomv><udom Sync="TRUE">Coordinates defining the features.</udom></attrdomv></attr><attr><attrlabl Sync="TRUE">FID_Arctic</attrlabl><attalias Sync="TRUE">FID_Arctic</attalias><attrtype Sync="TRUE">Integer</attrtype><attwidth Sync="TRUE">10</attwidth><atprecis Sync="TRUE">10</atprecis><attscale Sync="TRUE">0</attscale></attr><attr><attrlabl Sync="TRUE">osm_id</attrlabl><attalias Sync="TRUE">osm_id</attalias><attrtype Sync="TRUE">String</attrtype><attwidth Sync="TRUE">12</attwidth><atprecis Sync="TRUE">0</atprecis><attscale Sync="TRUE">0</attscale></attr><attr><attrlabl Sync="TRUE">code</attrlabl><attalias Sync="TRUE">code</attalias><attrtype Sync="TRUE">SmallInteger</attrtype><attwidth Sync="TRUE">4</attwidth><atprecis Sync="TRUE">4</atprecis><attscale Sync="TRUE">0</attscale></attr><attr><attrlabl Sync="TRUE">fclass</attrlabl><attalias Sync="TRUE">fclass</attalias><attrtype Sync="TRUE">String</attrtype><attwidth Sync="TRUE">28</attwidth><atprecis Sync="TRUE">0</atprecis><attscale Sync="TRUE">0</attscale></attr><attr><attrlabl Sync="TRUE">name</attrlabl><attalias Sync="TRUE">name</attalias><attrtype Sync="TRUE">String</attrtype><attwidth Sync="TRUE">100</attwidth><atprecis Sync="TRUE">0</atprecis><attscale Sync="TRUE">0</attscale></attr><attr><attrlabl Sync="TRUE">type</attrlabl><attalias Sync="TRUE">type</attalias><attrtype Sync="TRUE">String</attrtype><attwidth Sync="TRUE">20</attwidth><atprecis Sync="TRUE">0</atprecis><attscale Sync="TRUE">0</attscale></attr><attr><attrlabl Sync="TRUE">ORIG_FID</attrlabl><attalias Sync="TRUE">ORIG_FID</attalias><attrtype Sync="TRUE">Integer</attrtype><attwidth Sync="TRUE">10</attwidth><atprecis Sync="TRUE">10</atprecis><attscale Sync="TRUE">0</attscale></attr><attr><attrlabl Sync="TRUE">FID_arct_1</attrlabl><attalias Sync="TRUE">FID_arct_1</attalias><attrtype Sync="TRUE">Integer</attrtype><attwidth Sync="TRUE">10</attwidth><atprecis Sync="TRUE">10</atprecis><attscale Sync="TRUE">0</attscale></attr><attr><attrlabl Sync="TRUE">Id</attrlabl><attalias Sync="TRUE">Id</attalias><attrtype Sync="TRUE">Integer</attrtype><attwidth Sync="TRUE">10</attwidth><atprecis Sync="TRUE">10</atprecis><attscale Sync="TRUE">0</attscale></attr><attr><attrlabl Sync="TRUE">Shape_Leng</attrlabl><attalias Sync="TRUE">Shape_Leng</attalias><attrtype Sync="TRUE">Double</attrtype><attwidth Sync="TRUE">19</attwidth><atprecis Sync="TRUE">0</atprecis><attscale Sync="TRUE">0</attscale></attr><attr><attrlabl Sync="TRUE">Shape_Area</attrlabl><attalias Sync="TRUE">Shape_Area</attalias><attrtype Sync="TRUE">Double</attrtype><attwidth Sync="TRUE">19</attwidth><atprecis Sync="TRUE">0</atprecis><attscale Sync="TRUE">0</attscale><attrdef Sync="TRUE">Area of feature in internal units squared.</attrdef><attrdefs Sync="TRUE">Esri</attrdefs><attrdomv><udom Sync="TRUE">Positive real numbers that are automatically generated.</udom></attrdomv></attr></detailed></eainfo><mdDateSt Sync="TRUE">20240808</mdDateSt></metadata>
