<metadata xml:lang="en"><Esri><CreaDate>20240723</CreaDate><CreaTime>21072700</CreaTime><ArcGISFormat>1.0</ArcGISFormat><SyncOnce>FALSE</SyncOnce><DataProperties><lineage><Process ToolSource="c:\program files\arcgis\pro\Resources\ArcToolbox\Toolboxes\Data Management Tools.tbx\DeleteField" Date="20240723" Time="210727">DeleteField Sweden_points internet_a;source_add "Delete Fields"</Process><Process ToolSource="c:\program files\arcgis\pro\Resources\ArcToolbox\Toolboxes\Data Management Tools.tbx\DeleteField" Date="20240723" Time="210734">DeleteField Sweden_points opening__1 "Delete Fields"</Process><Process ToolSource="c:\program files\arcgis\pro\Resources\ArcToolbox\Toolboxes\Data Management Tools.tbx\DeleteField" Date="20240723" Time="210753">DeleteField Sweden_points contact_we;contact_ph "Delete Fields"</Process><Process ToolSource="c:\program files\arcgis\pro\Resources\ArcToolbox\Toolboxes\Data Management Tools.tbx\DeleteField" Date="20240723" Time="210855">DeleteField Sweden_points operator_t;isced_leve "Delete Fields"</Process><Process ToolSource="c:\program files\arcgis\pro\Resources\ArcToolbox\Toolboxes\Data Management Tools.tbx\DeleteField" Date="20240723" Time="210910">DeleteField Sweden_points network_wi;network__1 "Delete Fields"</Process><Process ToolSource="c:\program files\arcgis\pro\Resources\ArcToolbox\Toolboxes\Data Management Tools.tbx\DeleteField" Date="20240723" Time="210922">DeleteField Sweden_points addr_hou_1 "Delete Fields"</Process><Process ToolSource="c:\program files\arcgis\pro\Resources\ArcToolbox\Toolboxes\Data Management Tools.tbx\DeleteField" Date="20240723" Time="210935">DeleteField Sweden_points is_in;check_da_1 "Delete Fields"</Process><Process ToolSource="c:\program files\arcgis\pro\Resources\ArcToolbox\Toolboxes\Data Management Tools.tbx\DeleteField" Date="20240723" Time="210950">DeleteField Sweden_points nat_name;gtfs_id "Delete Fields"</Process><Process ToolSource="c:\program files\arcgis\pro\Resources\ArcToolbox\Toolboxes\Data Management Tools.tbx\DeleteField" Date="20240723" Time="211009">DeleteField Sweden_points tactile_pa;crossing_i "Delete Fields"</Process><Process ToolSource="c:\program files\arcgis\pro\Resources\ArcToolbox\Toolboxes\Data Management Tools.tbx\DeleteField" Date="20240723" Time="211019">DeleteField Sweden_points name_sv;name_fi "Delete Fields"</Process><Process ToolSource="c:\program files\arcgis\pro\Resources\ArcToolbox\toolboxes\Conversion Tools.tbx\ExportFeatures" Date="20240805" Time="110652">ExportFeatures Sweden_points R:\IBES_EarthLab\Seda_Salap_Ayca\CPAD_Summer\David\Sweden_points.shp # NOT_USE_ALIAS "full_id "full_id" true true false 254 Text 0 0,First,#,Sweden_points,full_id,0,254;osm_id "osm_id" true true false 254 Text 0 0,First,#,Sweden_points,osm_id,0,254;osm_type "osm_type" true true false 254 Text 0 0,First,#,Sweden_points,osm_type,0,254;amenity "amenity" true true false 254 Text 0 0,First,#,Sweden_points,amenity,0,254;parking "parking" true true false 254 Text 0 0,First,#,Sweden_points,parking,0,254;fee "fee" true true false 254 Text 0 0,First,#,Sweden_points,fee,0,254;phone "phone" true true false 254 Text 0 0,First,#,Sweden_points,phone,0,254;door "door" true true false 254 Text 0 0,First,#,Sweden_points,door,0,254;ref "ref" true true false 254 Text 0 0,First,#,Sweden_points,ref,0,254;addr_house "addr_house" true true false 254 Text 0 0,First,#,Sweden_points,addr_house,0,254;addr_postc "addr_postc" true true false 254 Text 0 0,First,#,Sweden_points,addr_postc,0,254;opening_ho "opening_ho" true true false 254 Text 0 0,First,#,Sweden_points,opening_ho,0,254;motor_vehi "motor_vehi" true true false 254 Text 0 0,First,#,Sweden_points,motor_vehi,0,254;material "material" true true false 254 Text 0 0,First,#,Sweden_points,material,0,254;locked "locked" true true false 254 Text 0 0,First,#,Sweden_points,locked,0,254;noexit "noexit" true true false 254 Text 0 0,First,#,Sweden_points,noexit,0,254;foot "foot" true true false 254 Text 0 0,First,#,Sweden_points,foot,0,254;shelter "shelter" true true false 254 Text 0 0,First,#,Sweden_points,shelter,0,254;operator "operator" true true false 254 Text 0 0,First,#,Sweden_points,operator,0,254;addr_city "addr_city" true true false 254 Text 0 0,First,#,Sweden_points,addr_city,0,254;entrance "entrance" true true false 254 Text 0 0,First,#,Sweden_points,entrance,0,254;level "level" true true false 254 Text 0 0,First,#,Sweden_points,level,0,254;network "network" true true false 254 Text 0 0,First,#,Sweden_points,network,0,254;local_ref "local_ref" true true false 254 Text 0 0,First,#,Sweden_points,local_ref,0,254;addr_stree "addr_stree" true true false 254 Text 0 0,First,#,Sweden_points,addr_stree,0,254;addr_count "addr_count" true true false 254 Text 0 0,First,#,Sweden_points,addr_count,0,254;wheelchair "wheelchair" true true false 254 Text 0 0,First,#,Sweden_points,wheelchair,0,254;traffic_si "traffic_si" true true false 254 Text 0 0,First,#,Sweden_points,traffic_si,0,254;check_date "check_date" true true false 254 Text 0 0,First,#,Sweden_points,check_date,0,254;button_ope "button_ope" true true false 254 Text 0 0,First,#,Sweden_points,button_ope,0,254;wikimedia_ "wikimedia_" true true false 254 Text 0 0,First,#,Sweden_points,wikimedia_,0,254;name_en "name_en" true true false 254 Text 0 0,First,#,Sweden_points,name_en,0,254;traffic_ca "traffic_ca" true true false 254 Text 0 0,First,#,Sweden_points,traffic_ca,0,254;crossing_r "crossing_r" true true false 254 Text 0 0,First,#,Sweden_points,crossing_r,0,254;public_tra "public_tra" true true false 254 Text 0 0,First,#,Sweden_points,public_tra,0,254;bus "bus" true true false 254 Text 0 0,First,#,Sweden_points,bus,0,254;website "website" true true false 254 Text 0 0,First,#,Sweden_points,website,0,254;barrier "barrier" true true false 254 Text 0 0,First,#,Sweden_points,barrier,0,254;access "access" true true false 254 Text 0 0,First,#,Sweden_points,access,0,254;highway "highway" true true false 254 Text 0 0,First,#,Sweden_points,highway,0,254;crossing "crossing" true true false 254 Text 0 0,First,#,Sweden_points,crossing,0,254;bicycle "bicycle" true true false 254 Text 0 0,First,#,Sweden_points,bicycle,0,254;wikipedia "wikipedia" true true false 254 Text 0 0,First,#,Sweden_points,wikipedia,0,254;wikidata "wikidata" true true false 254 Text 0 0,First,#,Sweden_points,wikidata,0,254;name "name" true true false 254 Text 0 0,First,#,Sweden_points,name,0,254" #</Process><Process Name="Pairwise Intersect" ToolSource="c:\program files\arcgis\pro\Resources\ArcToolbox\toolboxes\Analysis Tools.tbx\PairwiseIntersect" Date="20240805" Time="114226">PairwiseIntersect Sweden_points;R:\IBES_EarthLab\Seda_Salap_Ayca\CPAD_Summer\arctic_base.shp \\files.brown.edu\Home\yyang239\Documents\ArcGIS\Projects\MyProject3\MyProject3.gdb\a_Sweden_points "All attributes" # "Same as input"</Process><Process ToolSource="c:\program files\arcgis\pro\Resources\ArcToolbox\toolboxes\Conversion Tools.tbx\ExportFeatures" Date="20240805" Time="123657">ExportFeatures ModelBuilder\a_%Name%:a_Sweden_points R:\IBES_EarthLab\Seda_Salap_Ayca\CPAD_Summer\Arctic_CPAD\a_Sweden_points.shp # NOT_USE_ALIAS "FID_Sweden_points "FID_Sweden_points" true true false 4 Long 0 0,First,#,ModelBuilder\a_%Name%:a_Sweden_points,FID_Sweden_points,-1,-1;full_id "full_id" true true false 254 Text 0 0,First,#,ModelBuilder\a_%Name%:a_Sweden_points,full_id,0,254;osm_id "osm_id" true true false 254 Text 0 0,First,#,ModelBuilder\a_%Name%:a_Sweden_points,osm_id,0,254;osm_type "osm_type" true true false 254 Text 0 0,First,#,ModelBuilder\a_%Name%:a_Sweden_points,osm_type,0,254;amenity "amenity" true true false 254 Text 0 0,First,#,ModelBuilder\a_%Name%:a_Sweden_points,amenity,0,254;parking "parking" true true false 254 Text 0 0,First,#,ModelBuilder\a_%Name%:a_Sweden_points,parking,0,254;fee "fee" true true false 254 Text 0 0,First,#,ModelBuilder\a_%Name%:a_Sweden_points,fee,0,254;phone "phone" true true false 254 Text 0 0,First,#,ModelBuilder\a_%Name%:a_Sweden_points,phone,0,254;door "door" true true false 254 Text 0 0,First,#,ModelBuilder\a_%Name%:a_Sweden_points,door,0,254;ref "ref" true true false 254 Text 0 0,First,#,ModelBuilder\a_%Name%:a_Sweden_points,ref,0,254;addr_house "addr_house" true true false 254 Text 0 0,First,#,ModelBuilder\a_%Name%:a_Sweden_points,addr_house,0,254;addr_postc "addr_postc" true true false 254 Text 0 0,First,#,ModelBuilder\a_%Name%:a_Sweden_points,addr_postc,0,254;opening_ho "opening_ho" true true false 254 Text 0 0,First,#,ModelBuilder\a_%Name%:a_Sweden_points,opening_ho,0,254;motor_vehi "motor_vehi" true true false 254 Text 0 0,First,#,ModelBuilder\a_%Name%:a_Sweden_points,motor_vehi,0,254;material "material" true true false 254 Text 0 0,First,#,ModelBuilder\a_%Name%:a_Sweden_points,material,0,254;locked "locked" true true false 254 Text 0 0,First,#,ModelBuilder\a_%Name%:a_Sweden_points,locked,0,254;noexit "noexit" true true false 254 Text 0 0,First,#,ModelBuilder\a_%Name%:a_Sweden_points,noexit,0,254;foot "foot" true true false 254 Text 0 0,First,#,ModelBuilder\a_%Name%:a_Sweden_points,foot,0,254;shelter "shelter" true true false 254 Text 0 0,First,#,ModelBuilder\a_%Name%:a_Sweden_points,shelter,0,254;operator "operator" true true false 254 Text 0 0,First,#,ModelBuilder\a_%Name%:a_Sweden_points,operator,0,254;addr_city "addr_city" true true false 254 Text 0 0,First,#,ModelBuilder\a_%Name%:a_Sweden_points,addr_city,0,254;entrance "entrance" true true false 254 Text 0 0,First,#,ModelBuilder\a_%Name%:a_Sweden_points,entrance,0,254;level "level" true true false 254 Text 0 0,First,#,ModelBuilder\a_%Name%:a_Sweden_points,level,0,254;network "network" true true false 254 Text 0 0,First,#,ModelBuilder\a_%Name%:a_Sweden_points,network,0,254;local_ref "local_ref" true true false 254 Text 0 0,First,#,ModelBuilder\a_%Name%:a_Sweden_points,local_ref,0,254;addr_stree "addr_stree" true true false 254 Text 0 0,First,#,ModelBuilder\a_%Name%:a_Sweden_points,addr_stree,0,254;addr_count "addr_count" true true false 254 Text 0 0,First,#,ModelBuilder\a_%Name%:a_Sweden_points,addr_count,0,254;wheelchair "wheelchair" true true false 254 Text 0 0,First,#,ModelBuilder\a_%Name%:a_Sweden_points,wheelchair,0,254;traffic_si "traffic_si" true true false 254 Text 0 0,First,#,ModelBuilder\a_%Name%:a_Sweden_points,traffic_si,0,254;check_date "check_date" true true false 254 Text 0 0,First,#,ModelBuilder\a_%Name%:a_Sweden_points,check_date,0,254;button_ope "button_ope" true true false 254 Text 0 0,First,#,ModelBuilder\a_%Name%:a_Sweden_points,button_ope,0,254;wikimedia_ "wikimedia_" true true false 254 Text 0 0,First,#,ModelBuilder\a_%Name%:a_Sweden_points,wikimedia_,0,254;name_en "name_en" true true false 254 Text 0 0,First,#,ModelBuilder\a_%Name%:a_Sweden_points,name_en,0,254;traffic_ca "traffic_ca" true true false 254 Text 0 0,First,#,ModelBuilder\a_%Name%:a_Sweden_points,traffic_ca,0,254;crossing_r "crossing_r" true true false 254 Text 0 0,First,#,ModelBuilder\a_%Name%:a_Sweden_points,crossing_r,0,254;public_tra "public_tra" true true false 254 Text 0 0,First,#,ModelBuilder\a_%Name%:a_Sweden_points,public_tra,0,254;bus "bus" true true false 254 Text 0 0,First,#,ModelBuilder\a_%Name%:a_Sweden_points,bus,0,254;website "website" true true false 254 Text 0 0,First,#,ModelBuilder\a_%Name%:a_Sweden_points,website,0,254;barrier "barrier" true true false 254 Text 0 0,First,#,ModelBuilder\a_%Name%:a_Sweden_points,barrier,0,254;access "access" true true false 254 Text 0 0,First,#,ModelBuilder\a_%Name%:a_Sweden_points,access,0,254;highway "highway" true true false 254 Text 0 0,First,#,ModelBuilder\a_%Name%:a_Sweden_points,highway,0,254;crossing "crossing" true true false 254 Text 0 0,First,#,ModelBuilder\a_%Name%:a_Sweden_points,crossing,0,254;bicycle "bicycle" true true false 254 Text 0 0,First,#,ModelBuilder\a_%Name%:a_Sweden_points,bicycle,0,254;wikipedia "wikipedia" true true false 254 Text 0 0,First,#,ModelBuilder\a_%Name%:a_Sweden_points,wikipedia,0,254;wikidata "wikidata" true true false 254 Text 0 0,First,#,ModelBuilder\a_%Name%:a_Sweden_points,wikidata,0,254;name "name" true true false 254 Text 0 0,First,#,ModelBuilder\a_%Name%:a_Sweden_points,name,0,254;FID_arctic_base "FID_arctic_base" true true false 4 Long 0 0,First,#,ModelBuilder\a_%Name%:a_Sweden_points,FID_arctic_base,-1,-1;Id "Id" true true false 4 Long 0 0,First,#,ModelBuilder\a_%Name%:a_Sweden_points,Id,-1,-1;Shape_Leng "Shape_Leng" true true false 8 Double 0 0,First,#,ModelBuilder\a_%Name%:a_Sweden_points,Shape_Leng,-1,-1" #</Process></lineage><itemProps><itemName Sync="TRUE">a_Sweden_points</itemName><imsContentType Sync="TRUE">002</imsContentType><itemSize Sync="TRUE">0.000</itemSize><itemLocation><linkage Sync="TRUE">file://\\files.brown.edu\Research\IBES_EarthLab\Seda_Salap_Ayca\CPAD_Summer\Arctic_CPAD\a_Sweden_points.shp</linkage><protocol Sync="TRUE">Local Area Network</protocol></itemLocation></itemProps><coordRef><type Sync="TRUE">Geographic</type><geogcsn Sync="TRUE">GCS_WGS_1984</geogcsn><csUnits Sync="TRUE">Angular Unit: Degree (0.017453)</csUnits><peXml Sync="TRUE">&lt;GeographicCoordinateSystem xsi:type='typens:GeographicCoordinateSystem' xmlns:xsi='http://www.w3.org/2001/XMLSchema-instance' xmlns:xs='http://www.w3.org/2001/XMLSchema' xmlns:typens='http://www.esri.com/schemas/ArcGIS/3.1.0'&gt;&lt;WKT&gt;GEOGCS[&amp;quot;GCS_WGS_1984&amp;quot;,DATUM[&amp;quot;D_WGS_1984&amp;quot;,SPHEROID[&amp;quot;WGS_1984&amp;quot;,6378137.0,298.257223563]],PRIMEM[&amp;quot;Greenwich&amp;quot;,0.0],UNIT[&amp;quot;Degree&amp;quot;,0.0174532925199433],AUTHORITY[&amp;quot;EPSG&amp;quot;,4326]]&lt;/WKT&gt;&lt;XOrigin&gt;-400&lt;/XOrigin&gt;&lt;YOrigin&gt;-400&lt;/YOrigin&gt;&lt;XYScale&gt;11258999068426.238&lt;/XYScale&gt;&lt;ZOrigin&gt;-100000&lt;/ZOrigin&gt;&lt;ZScale&gt;10000&lt;/ZScale&gt;&lt;MOrigin&gt;-100000&lt;/MOrigin&gt;&lt;MScale&gt;10000&lt;/MScale&gt;&lt;XYTolerance&gt;8.983152841195215e-09&lt;/XYTolerance&gt;&lt;ZTolerance&gt;0.001&lt;/ZTolerance&gt;&lt;MTolerance&gt;0.001&lt;/MTolerance&gt;&lt;HighPrecision&gt;true&lt;/HighPrecision&gt;&lt;LeftLongitude&gt;-180&lt;/LeftLongitude&gt;&lt;WKID&gt;4326&lt;/WKID&gt;&lt;LatestWKID&gt;4326&lt;/LatestWKID&gt;&lt;/GeographicCoordinateSystem&gt;</peXml></coordRef></DataProperties><SyncDate>20240805</SyncDate><SyncTime>12365700</SyncTime><ModDate>20240805</ModDate><ModTime>12365700</ModTime></Esri><dataIdInfo><envirDesc Sync="TRUE">Microsoft Windows 10 Version 10.0 (Build 19045) ; Esri ArcGIS 13.1.2.41833</envirDesc><dataLang><languageCode value="eng" Sync="TRUE"></languageCode><countryCode value="USA" Sync="TRUE"></countryCode></dataLang><idCitation><resTitle Sync="TRUE">a_Sweden_points</resTitle><presForm><PresFormCd value="005" Sync="TRUE"></PresFormCd></presForm></idCitation><spatRpType><SpatRepTypCd value="001" Sync="TRUE"></SpatRepTypCd></spatRpType></dataIdInfo><mdLang><languageCode value="eng" Sync="TRUE"></languageCode><countryCode value="USA" Sync="TRUE"></countryCode></mdLang><mdChar><CharSetCd value="004" Sync="TRUE"></CharSetCd></mdChar><distInfo><distFormat><formatName Sync="TRUE">Shapefile</formatName></distFormat><distTranOps><transSize Sync="TRUE">0.000</transSize></distTranOps></distInfo><mdHrLv><ScopeCd value="005" Sync="TRUE"></ScopeCd></mdHrLv><mdHrLvName Sync="TRUE">dataset</mdHrLvName><refSysInfo><RefSystem><refSysID><identCode code="4326" Sync="TRUE"></identCode><idCodeSpace Sync="TRUE">EPSG</idCodeSpace><idVersion Sync="TRUE">6.2(3.0.1)</idVersion></refSysID></RefSystem></refSysInfo><spatRepInfo><VectSpatRep><geometObjs Name="a_Sweden_points"><geoObjTyp><GeoObjTypCd value="004" Sync="TRUE"></GeoObjTypCd></geoObjTyp><geoObjCnt Sync="TRUE">0</geoObjCnt></geometObjs><topLvl><TopoLevCd value="001" Sync="TRUE"></TopoLevCd></topLvl></VectSpatRep></spatRepInfo><spdoinfo><ptvctinf><esriterm Name="a_Sweden_points"><efeatyp Sync="TRUE">Simple</efeatyp><efeageom code="1" Sync="TRUE"></efeageom><esritopo Sync="TRUE">FALSE</esritopo><efeacnt Sync="TRUE">0</efeacnt><spindex Sync="TRUE">FALSE</spindex><linrefer Sync="TRUE">FALSE</linrefer></esriterm></ptvctinf></spdoinfo><eainfo><detailed Name="a_Sweden_points"><enttyp><enttypl Sync="TRUE">a_Sweden_points</enttypl><enttypt Sync="TRUE">Feature Class</enttypt><enttypc Sync="TRUE">0</enttypc></enttyp><attr><attrlabl Sync="TRUE">FID</attrlabl><attalias Sync="TRUE">FID</attalias><attrtype Sync="TRUE">OID</attrtype><attwidth Sync="TRUE">4</attwidth><atprecis Sync="TRUE">0</atprecis><attscale Sync="TRUE">0</attscale><attrdef Sync="TRUE">Internal feature number.</attrdef><attrdefs Sync="TRUE">Esri</attrdefs><attrdomv><udom Sync="TRUE">Sequential unique whole numbers that are automatically generated.</udom></attrdomv></attr><attr><attrlabl Sync="TRUE">Shape</attrlabl><attalias Sync="TRUE">Shape</attalias><attrtype Sync="TRUE">Geometry</attrtype><attwidth Sync="TRUE">0</attwidth><atprecis Sync="TRUE">0</atprecis><attscale Sync="TRUE">0</attscale><attrdef Sync="TRUE">Feature geometry.</attrdef><attrdefs Sync="TRUE">Esri</attrdefs><attrdomv><udom Sync="TRUE">Coordinates defining the features.</udom></attrdomv></attr><attr><attrlabl Sync="TRUE">FID_Sweden</attrlabl><attalias Sync="TRUE">FID_Sweden</attalias><attrtype Sync="TRUE">Integer</attrtype><attwidth Sync="TRUE">10</attwidth><atprecis Sync="TRUE">10</atprecis><attscale Sync="TRUE">0</attscale></attr><attr><attrlabl Sync="TRUE">full_id</attrlabl><attalias Sync="TRUE">full_id</attalias><attrtype Sync="TRUE">String</attrtype><attwidth Sync="TRUE">254</attwidth><atprecis Sync="TRUE">0</atprecis><attscale Sync="TRUE">0</attscale></attr><attr><attrlabl Sync="TRUE">osm_id</attrlabl><attalias Sync="TRUE">osm_id</attalias><attrtype Sync="TRUE">String</attrtype><attwidth Sync="TRUE">254</attwidth><atprecis Sync="TRUE">0</atprecis><attscale Sync="TRUE">0</attscale></attr><attr><attrlabl Sync="TRUE">osm_type</attrlabl><attalias Sync="TRUE">osm_type</attalias><attrtype Sync="TRUE">String</attrtype><attwidth Sync="TRUE">254</attwidth><atprecis Sync="TRUE">0</atprecis><attscale Sync="TRUE">0</attscale></attr><attr><attrlabl Sync="TRUE">amenity</attrlabl><attalias Sync="TRUE">amenity</attalias><attrtype Sync="TRUE">String</attrtype><attwidth Sync="TRUE">254</attwidth><atprecis Sync="TRUE">0</atprecis><attscale Sync="TRUE">0</attscale></attr><attr><attrlabl Sync="TRUE">parking</attrlabl><attalias Sync="TRUE">parking</attalias><attrtype Sync="TRUE">String</attrtype><attwidth Sync="TRUE">254</attwidth><atprecis Sync="TRUE">0</atprecis><attscale Sync="TRUE">0</attscale></attr><attr><attrlabl Sync="TRUE">fee</attrlabl><attalias Sync="TRUE">fee</attalias><attrtype Sync="TRUE">String</attrtype><attwidth Sync="TRUE">254</attwidth><atprecis Sync="TRUE">0</atprecis><attscale Sync="TRUE">0</attscale></attr><attr><attrlabl Sync="TRUE">phone</attrlabl><attalias Sync="TRUE">phone</attalias><attrtype Sync="TRUE">String</attrtype><attwidth Sync="TRUE">254</attwidth><atprecis Sync="TRUE">0</atprecis><attscale Sync="TRUE">0</attscale></attr><attr><attrlabl Sync="TRUE">door</attrlabl><attalias Sync="TRUE">door</attalias><attrtype Sync="TRUE">String</attrtype><attwidth Sync="TRUE">254</attwidth><atprecis Sync="TRUE">0</atprecis><attscale Sync="TRUE">0</attscale></attr><attr><attrlabl Sync="TRUE">ref</attrlabl><attalias Sync="TRUE">ref</attalias><attrtype Sync="TRUE">String</attrtype><attwidth Sync="TRUE">254</attwidth><atprecis Sync="TRUE">0</atprecis><attscale Sync="TRUE">0</attscale></attr><attr><attrlabl Sync="TRUE">addr_house</attrlabl><attalias Sync="TRUE">addr_house</attalias><attrtype Sync="TRUE">String</attrtype><attwidth Sync="TRUE">254</attwidth><atprecis Sync="TRUE">0</atprecis><attscale Sync="TRUE">0</attscale></attr><attr><attrlabl Sync="TRUE">addr_postc</attrlabl><attalias Sync="TRUE">addr_postc</attalias><attrtype Sync="TRUE">String</attrtype><attwidth Sync="TRUE">254</attwidth><atprecis Sync="TRUE">0</atprecis><attscale Sync="TRUE">0</attscale></attr><attr><attrlabl Sync="TRUE">opening_ho</attrlabl><attalias Sync="TRUE">opening_ho</attalias><attrtype Sync="TRUE">String</attrtype><attwidth Sync="TRUE">254</attwidth><atprecis Sync="TRUE">0</atprecis><attscale Sync="TRUE">0</attscale></attr><attr><attrlabl Sync="TRUE">motor_vehi</attrlabl><attalias Sync="TRUE">motor_vehi</attalias><attrtype Sync="TRUE">String</attrtype><attwidth Sync="TRUE">254</attwidth><atprecis Sync="TRUE">0</atprecis><attscale Sync="TRUE">0</attscale></attr><attr><attrlabl Sync="TRUE">material</attrlabl><attalias Sync="TRUE">material</attalias><attrtype Sync="TRUE">String</attrtype><attwidth Sync="TRUE">254</attwidth><atprecis Sync="TRUE">0</atprecis><attscale Sync="TRUE">0</attscale></attr><attr><attrlabl Sync="TRUE">locked</attrlabl><attalias Sync="TRUE">locked</attalias><attrtype Sync="TRUE">String</attrtype><attwidth Sync="TRUE">254</attwidth><atprecis Sync="TRUE">0</atprecis><attscale Sync="TRUE">0</attscale></attr><attr><attrlabl Sync="TRUE">noexit</attrlabl><attalias Sync="TRUE">noexit</attalias><attrtype Sync="TRUE">String</attrtype><attwidth Sync="TRUE">254</attwidth><atprecis Sync="TRUE">0</atprecis><attscale Sync="TRUE">0</attscale></attr><attr><attrlabl Sync="TRUE">foot</attrlabl><attalias Sync="TRUE">foot</attalias><attrtype Sync="TRUE">String</attrtype><attwidth Sync="TRUE">254</attwidth><atprecis Sync="TRUE">0</atprecis><attscale Sync="TRUE">0</attscale></attr><attr><attrlabl Sync="TRUE">shelter</attrlabl><attalias Sync="TRUE">shelter</attalias><attrtype Sync="TRUE">String</attrtype><attwidth Sync="TRUE">254</attwidth><atprecis Sync="TRUE">0</atprecis><attscale Sync="TRUE">0</attscale></attr><attr><attrlabl Sync="TRUE">operator</attrlabl><attalias Sync="TRUE">operator</attalias><attrtype Sync="TRUE">String</attrtype><attwidth Sync="TRUE">254</attwidth><atprecis Sync="TRUE">0</atprecis><attscale Sync="TRUE">0</attscale></attr><attr><attrlabl Sync="TRUE">addr_city</attrlabl><attalias Sync="TRUE">addr_city</attalias><attrtype Sync="TRUE">String</attrtype><attwidth Sync="TRUE">254</attwidth><atprecis Sync="TRUE">0</atprecis><attscale Sync="TRUE">0</attscale></attr><attr><attrlabl Sync="TRUE">entrance</attrlabl><attalias Sync="TRUE">entrance</attalias><attrtype Sync="TRUE">String</attrtype><attwidth Sync="TRUE">254</attwidth><atprecis Sync="TRUE">0</atprecis><attscale Sync="TRUE">0</attscale></attr><attr><attrlabl Sync="TRUE">level</attrlabl><attalias Sync="TRUE">level</attalias><attrtype Sync="TRUE">String</attrtype><attwidth Sync="TRUE">254</attwidth><atprecis Sync="TRUE">0</atprecis><attscale Sync="TRUE">0</attscale></attr><attr><attrlabl Sync="TRUE">network</attrlabl><attalias Sync="TRUE">network</attalias><attrtype Sync="TRUE">String</attrtype><attwidth Sync="TRUE">254</attwidth><atprecis Sync="TRUE">0</atprecis><attscale Sync="TRUE">0</attscale></attr><attr><attrlabl Sync="TRUE">local_ref</attrlabl><attalias Sync="TRUE">local_ref</attalias><attrtype Sync="TRUE">String</attrtype><attwidth Sync="TRUE">254</attwidth><atprecis Sync="TRUE">0</atprecis><attscale Sync="TRUE">0</attscale></attr><attr><attrlabl Sync="TRUE">addr_stree</attrlabl><attalias Sync="TRUE">addr_stree</attalias><attrtype Sync="TRUE">String</attrtype><attwidth Sync="TRUE">254</attwidth><atprecis Sync="TRUE">0</atprecis><attscale Sync="TRUE">0</attscale></attr><attr><attrlabl Sync="TRUE">addr_count</attrlabl><attalias Sync="TRUE">addr_count</attalias><attrtype Sync="TRUE">String</attrtype><attwidth Sync="TRUE">254</attwidth><atprecis Sync="TRUE">0</atprecis><attscale Sync="TRUE">0</attscale></attr><attr><attrlabl Sync="TRUE">wheelchair</attrlabl><attalias Sync="TRUE">wheelchair</attalias><attrtype Sync="TRUE">String</attrtype><attwidth Sync="TRUE">254</attwidth><atprecis Sync="TRUE">0</atprecis><attscale Sync="TRUE">0</attscale></attr><attr><attrlabl Sync="TRUE">traffic_si</attrlabl><attalias Sync="TRUE">traffic_si</attalias><attrtype Sync="TRUE">String</attrtype><attwidth Sync="TRUE">254</attwidth><atprecis Sync="TRUE">0</atprecis><attscale Sync="TRUE">0</attscale></attr><attr><attrlabl Sync="TRUE">check_date</attrlabl><attalias Sync="TRUE">check_date</attalias><attrtype Sync="TRUE">String</attrtype><attwidth Sync="TRUE">254</attwidth><atprecis Sync="TRUE">0</atprecis><attscale Sync="TRUE">0</attscale></attr><attr><attrlabl Sync="TRUE">button_ope</attrlabl><attalias Sync="TRUE">button_ope</attalias><attrtype Sync="TRUE">String</attrtype><attwidth Sync="TRUE">254</attwidth><atprecis Sync="TRUE">0</atprecis><attscale Sync="TRUE">0</attscale></attr><attr><attrlabl Sync="TRUE">wikimedia_</attrlabl><attalias Sync="TRUE">wikimedia_</attalias><attrtype Sync="TRUE">String</attrtype><attwidth Sync="TRUE">254</attwidth><atprecis Sync="TRUE">0</atprecis><attscale Sync="TRUE">0</attscale></attr><attr><attrlabl Sync="TRUE">name_en</attrlabl><attalias Sync="TRUE">name_en</attalias><attrtype Sync="TRUE">String</attrtype><attwidth Sync="TRUE">254</attwidth><atprecis Sync="TRUE">0</atprecis><attscale Sync="TRUE">0</attscale></attr><attr><attrlabl Sync="TRUE">traffic_ca</attrlabl><attalias Sync="TRUE">traffic_ca</attalias><attrtype Sync="TRUE">String</attrtype><attwidth Sync="TRUE">254</attwidth><atprecis Sync="TRUE">0</atprecis><attscale Sync="TRUE">0</attscale></attr><attr><attrlabl Sync="TRUE">crossing_r</attrlabl><attalias Sync="TRUE">crossing_r</attalias><attrtype Sync="TRUE">String</attrtype><attwidth Sync="TRUE">254</attwidth><atprecis Sync="TRUE">0</atprecis><attscale Sync="TRUE">0</attscale></attr><attr><attrlabl Sync="TRUE">public_tra</attrlabl><attalias Sync="TRUE">public_tra</attalias><attrtype Sync="TRUE">String</attrtype><attwidth Sync="TRUE">254</attwidth><atprecis Sync="TRUE">0</atprecis><attscale Sync="TRUE">0</attscale></attr><attr><attrlabl Sync="TRUE">bus</attrlabl><attalias Sync="TRUE">bus</attalias><attrtype Sync="TRUE">String</attrtype><attwidth Sync="TRUE">254</attwidth><atprecis Sync="TRUE">0</atprecis><attscale Sync="TRUE">0</attscale></attr><attr><attrlabl Sync="TRUE">website</attrlabl><attalias Sync="TRUE">website</attalias><attrtype Sync="TRUE">String</attrtype><attwidth Sync="TRUE">254</attwidth><atprecis Sync="TRUE">0</atprecis><attscale Sync="TRUE">0</attscale></attr><attr><attrlabl Sync="TRUE">barrier</attrlabl><attalias Sync="TRUE">barrier</attalias><attrtype Sync="TRUE">String</attrtype><attwidth Sync="TRUE">254</attwidth><atprecis Sync="TRUE">0</atprecis><attscale Sync="TRUE">0</attscale></attr><attr><attrlabl Sync="TRUE">access</attrlabl><attalias Sync="TRUE">access</attalias><attrtype Sync="TRUE">String</attrtype><attwidth Sync="TRUE">254</attwidth><atprecis Sync="TRUE">0</atprecis><attscale Sync="TRUE">0</attscale></attr><attr><attrlabl Sync="TRUE">highway</attrlabl><attalias Sync="TRUE">highway</attalias><attrtype Sync="TRUE">String</attrtype><attwidth Sync="TRUE">254</attwidth><atprecis Sync="TRUE">0</atprecis><attscale Sync="TRUE">0</attscale></attr><attr><attrlabl Sync="TRUE">crossing</attrlabl><attalias Sync="TRUE">crossing</attalias><attrtype Sync="TRUE">String</attrtype><attwidth Sync="TRUE">254</attwidth><atprecis Sync="TRUE">0</atprecis><attscale Sync="TRUE">0</attscale></attr><attr><attrlabl Sync="TRUE">bicycle</attrlabl><attalias Sync="TRUE">bicycle</attalias><attrtype Sync="TRUE">String</attrtype><attwidth Sync="TRUE">254</attwidth><atprecis Sync="TRUE">0</atprecis><attscale Sync="TRUE">0</attscale></attr><attr><attrlabl Sync="TRUE">wikipedia</attrlabl><attalias Sync="TRUE">wikipedia</attalias><attrtype Sync="TRUE">String</attrtype><attwidth Sync="TRUE">254</attwidth><atprecis Sync="TRUE">0</atprecis><attscale Sync="TRUE">0</attscale></attr><attr><attrlabl Sync="TRUE">wikidata</attrlabl><attalias Sync="TRUE">wikidata</attalias><attrtype Sync="TRUE">String</attrtype><attwidth Sync="TRUE">254</attwidth><atprecis Sync="TRUE">0</atprecis><attscale Sync="TRUE">0</attscale></attr><attr><attrlabl Sync="TRUE">name</attrlabl><attalias Sync="TRUE">name</attalias><attrtype Sync="TRUE">String</attrtype><attwidth Sync="TRUE">254</attwidth><atprecis Sync="TRUE">0</atprecis><attscale Sync="TRUE">0</attscale></attr><attr><attrlabl Sync="TRUE">FID_arctic</attrlabl><attalias Sync="TRUE">FID_arctic</attalias><attrtype Sync="TRUE">Integer</attrtype><attwidth Sync="TRUE">10</attwidth><atprecis Sync="TRUE">10</atprecis><attscale Sync="TRUE">0</attscale></attr><attr><attrlabl Sync="TRUE">Id</attrlabl><attalias Sync="TRUE">Id</attalias><attrtype Sync="TRUE">Integer</attrtype><attwidth Sync="TRUE">10</attwidth><atprecis Sync="TRUE">10</atprecis><attscale Sync="TRUE">0</attscale></attr><attr><attrlabl Sync="TRUE">Shape_Leng</attrlabl><attalias Sync="TRUE">Shape_Leng</attalias><attrtype Sync="TRUE">Double</attrtype><attwidth Sync="TRUE">19</attwidth><atprecis Sync="TRUE">0</atprecis><attscale Sync="TRUE">0</attscale></attr></detailed></eainfo><mdDateSt Sync="TRUE">20240805</mdDateSt></metadata>
