<metadata xml:lang="en"><Esri><CreaDate>20240805</CreaDate><CreaTime>11134700</CreaTime><ArcGISFormat>1.0</ArcGISFormat><SyncOnce>FALSE</SyncOnce><DataProperties><itemProps><itemName Sync="TRUE">a_Iceland_Points</itemName><imsContentType Sync="TRUE">002</imsContentType><itemSize Sync="TRUE">0.000</itemSize><itemLocation><linkage Sync="TRUE">file://\\files.brown.edu\Research\IBES_EarthLab\Seda_Salap_Ayca\CPAD_Summer\Arctic_CPAD\a_Iceland_Points.shp</linkage><protocol Sync="TRUE">Local Area Network</protocol></itemLocation></itemProps><coordRef><type Sync="TRUE">Geographic</type><geogcsn Sync="TRUE">GCS_WGS_1984</geogcsn><csUnits Sync="TRUE">Angular Unit: Degree (0.017453)</csUnits><peXml Sync="TRUE">&lt;GeographicCoordinateSystem xsi:type='typens:GeographicCoordinateSystem' xmlns:xsi='http://www.w3.org/2001/XMLSchema-instance' xmlns:xs='http://www.w3.org/2001/XMLSchema' xmlns:typens='http://www.esri.com/schemas/ArcGIS/3.1.0'&gt;&lt;WKT&gt;GEOGCS[&amp;quot;GCS_WGS_1984&amp;quot;,DATUM[&amp;quot;D_WGS_1984&amp;quot;,SPHEROID[&amp;quot;WGS_1984&amp;quot;,6378137.0,298.257223563]],PRIMEM[&amp;quot;Greenwich&amp;quot;,0.0],UNIT[&amp;quot;Degree&amp;quot;,0.0174532925199433],AUTHORITY[&amp;quot;EPSG&amp;quot;,4326]]&lt;/WKT&gt;&lt;XOrigin&gt;-400&lt;/XOrigin&gt;&lt;YOrigin&gt;-400&lt;/YOrigin&gt;&lt;XYScale&gt;11258999068426.238&lt;/XYScale&gt;&lt;ZOrigin&gt;-100000&lt;/ZOrigin&gt;&lt;ZScale&gt;10000&lt;/ZScale&gt;&lt;MOrigin&gt;-100000&lt;/MOrigin&gt;&lt;MScale&gt;10000&lt;/MScale&gt;&lt;XYTolerance&gt;8.983152841195215e-09&lt;/XYTolerance&gt;&lt;ZTolerance&gt;0.001&lt;/ZTolerance&gt;&lt;MTolerance&gt;0.001&lt;/MTolerance&gt;&lt;HighPrecision&gt;true&lt;/HighPrecision&gt;&lt;LeftLongitude&gt;-180&lt;/LeftLongitude&gt;&lt;WKID&gt;4326&lt;/WKID&gt;&lt;LatestWKID&gt;4326&lt;/LatestWKID&gt;&lt;/GeographicCoordinateSystem&gt;</peXml></coordRef><lineage><Process ToolSource="c:\program files\arcgis\pro\Resources\ArcToolbox\toolboxes\Conversion Tools.tbx\ExportFeatures" Date="20240805" Time="111347">ExportFeatures icelad_point R:\IBES_EarthLab\Seda_Salap_Ayca\CPAD_Summer\David\Iceland_Points.shp # NOT_USE_ALIAS "full_id "full_id" true true false 254 Text 0 0,First,#,icelad_point,full_id,0,254;osm_id "osm_id" true true false 254 Text 0 0,First,#,icelad_point,osm_id,0,254;osm_type "osm_type" true true false 254 Text 0 0,First,#,icelad_point,osm_type,0,254;amenity "amenity" true true false 254 Text 0 0,First,#,icelad_point,amenity,0,254;operator "operator" true true false 254 Text 0 0,First,#,icelad_point,operator,0,254;addr_stree "addr_stree" true true false 254 Text 0 0,First,#,icelad_point,addr_stree,0,254;addr_postc "addr_postc" true true false 254 Text 0 0,First,#,icelad_point,addr_postc,0,254;addr_house "addr_house" true true false 254 Text 0 0,First,#,icelad_point,addr_house,0,254;addr_city "addr_city" true true false 254 Text 0 0,First,#,icelad_point,addr_city,0,254;name "name" true true false 254 Text 0 0,First,#,icelad_point,name,0,254;alt_name "alt_name" true true false 254 Text 0 0,First,#,icelad_point,alt_name,0,254" #</Process><Process Name="Pairwise Intersect" ToolSource="c:\program files\arcgis\pro\Resources\ArcToolbox\toolboxes\Analysis Tools.tbx\PairwiseIntersect" Date="20240805" Time="114252">PairwiseIntersect Iceland_Points;R:\IBES_EarthLab\Seda_Salap_Ayca\CPAD_Summer\arctic_base.shp \\files.brown.edu\Home\yyang239\Documents\ArcGIS\Projects\MyProject3\MyProject3.gdb\a_Iceland_Points "All attributes" # "Same as input"</Process><Process ToolSource="c:\program files\arcgis\pro\Resources\ArcToolbox\toolboxes\Conversion Tools.tbx\ExportFeatures" Date="20240805" Time="122905">ExportFeatures ModelBuilder\a_%Name%:a_Iceland_Points R:\IBES_EarthLab\Seda_Salap_Ayca\CPAD_Summer\Arctic_CPAD\a_Iceland_Points.shp # NOT_USE_ALIAS "FID_Iceland_Points "FID_Iceland_Points" true true false 4 Long 0 0,First,#,ModelBuilder\a_%Name%:a_Iceland_Points,FID_Iceland_Points,-1,-1;full_id "full_id" true true false 254 Text 0 0,First,#,ModelBuilder\a_%Name%:a_Iceland_Points,full_id,0,254;osm_id "osm_id" true true false 254 Text 0 0,First,#,ModelBuilder\a_%Name%:a_Iceland_Points,osm_id,0,254;osm_type "osm_type" true true false 254 Text 0 0,First,#,ModelBuilder\a_%Name%:a_Iceland_Points,osm_type,0,254;amenity "amenity" true true false 254 Text 0 0,First,#,ModelBuilder\a_%Name%:a_Iceland_Points,amenity,0,254;operator "operator" true true false 254 Text 0 0,First,#,ModelBuilder\a_%Name%:a_Iceland_Points,operator,0,254;addr_stree "addr_stree" true true false 254 Text 0 0,First,#,ModelBuilder\a_%Name%:a_Iceland_Points,addr_stree,0,254;addr_postc "addr_postc" true true false 254 Text 0 0,First,#,ModelBuilder\a_%Name%:a_Iceland_Points,addr_postc,0,254;addr_house "addr_house" true true false 254 Text 0 0,First,#,ModelBuilder\a_%Name%:a_Iceland_Points,addr_house,0,254;addr_city "addr_city" true true false 254 Text 0 0,First,#,ModelBuilder\a_%Name%:a_Iceland_Points,addr_city,0,254;name "name" true true false 254 Text 0 0,First,#,ModelBuilder\a_%Name%:a_Iceland_Points,name,0,254;alt_name "alt_name" true true false 254 Text 0 0,First,#,ModelBuilder\a_%Name%:a_Iceland_Points,alt_name,0,254;FID_arctic_base "FID_arctic_base" true true false 4 Long 0 0,First,#,ModelBuilder\a_%Name%:a_Iceland_Points,FID_arctic_base,-1,-1;Id "Id" true true false 4 Long 0 0,First,#,ModelBuilder\a_%Name%:a_Iceland_Points,Id,-1,-1;Shape_Leng "Shape_Leng" true true false 8 Double 0 0,First,#,ModelBuilder\a_%Name%:a_Iceland_Points,Shape_Leng,-1,-1" #</Process></lineage></DataProperties><SyncDate>20240805</SyncDate><SyncTime>12290500</SyncTime><ModDate>20240805</ModDate><ModTime>12290500</ModTime></Esri><dataIdInfo><envirDesc Sync="TRUE">Microsoft Windows 10 Version 10.0 (Build 19045) ; Esri ArcGIS 13.1.2.41833</envirDesc><dataLang><languageCode value="eng" Sync="TRUE"></languageCode><countryCode value="USA" Sync="TRUE"></countryCode></dataLang><idCitation><resTitle Sync="TRUE">a_Iceland_Points</resTitle><presForm><PresFormCd value="005" Sync="TRUE"></PresFormCd></presForm></idCitation><spatRpType><SpatRepTypCd value="001" Sync="TRUE"></SpatRepTypCd></spatRpType></dataIdInfo><mdLang><languageCode value="eng" Sync="TRUE"></languageCode><countryCode value="USA" Sync="TRUE"></countryCode></mdLang><mdChar><CharSetCd value="004" Sync="TRUE"></CharSetCd></mdChar><distInfo><distFormat><formatName Sync="TRUE">Shapefile</formatName></distFormat><distTranOps><transSize Sync="TRUE">0.000</transSize></distTranOps></distInfo><mdHrLv><ScopeCd value="005" Sync="TRUE"></ScopeCd></mdHrLv><mdHrLvName Sync="TRUE">dataset</mdHrLvName><refSysInfo><RefSystem><refSysID><identCode code="4326" Sync="TRUE"></identCode><idCodeSpace Sync="TRUE">EPSG</idCodeSpace><idVersion Sync="TRUE">6.2(3.0.1)</idVersion></refSysID></RefSystem></refSysInfo><spatRepInfo><VectSpatRep><geometObjs Name="a_Iceland_Points"><geoObjTyp><GeoObjTypCd value="004" Sync="TRUE"></GeoObjTypCd></geoObjTyp><geoObjCnt Sync="TRUE">0</geoObjCnt></geometObjs><topLvl><TopoLevCd value="001" Sync="TRUE"></TopoLevCd></topLvl></VectSpatRep></spatRepInfo><spdoinfo><ptvctinf><esriterm Name="a_Iceland_Points"><efeatyp Sync="TRUE">Simple</efeatyp><efeageom code="1" Sync="TRUE"></efeageom><esritopo Sync="TRUE">FALSE</esritopo><efeacnt Sync="TRUE">0</efeacnt><spindex Sync="TRUE">FALSE</spindex><linrefer Sync="TRUE">FALSE</linrefer></esriterm></ptvctinf></spdoinfo><eainfo><detailed Name="a_Iceland_Points"><enttyp><enttypl Sync="TRUE">a_Iceland_Points</enttypl><enttypt Sync="TRUE">Feature Class</enttypt><enttypc Sync="TRUE">0</enttypc></enttyp><attr><attrlabl Sync="TRUE">FID</attrlabl><attalias Sync="TRUE">FID</attalias><attrtype Sync="TRUE">OID</attrtype><attwidth Sync="TRUE">4</attwidth><atprecis Sync="TRUE">0</atprecis><attscale Sync="TRUE">0</attscale><attrdef Sync="TRUE">Internal feature number.</attrdef><attrdefs Sync="TRUE">Esri</attrdefs><attrdomv><udom Sync="TRUE">Sequential unique whole numbers that are automatically generated.</udom></attrdomv></attr><attr><attrlabl Sync="TRUE">Shape</attrlabl><attalias Sync="TRUE">Shape</attalias><attrtype Sync="TRUE">Geometry</attrtype><attwidth Sync="TRUE">0</attwidth><atprecis Sync="TRUE">0</atprecis><attscale Sync="TRUE">0</attscale><attrdef Sync="TRUE">Feature geometry.</attrdef><attrdefs Sync="TRUE">Esri</attrdefs><attrdomv><udom Sync="TRUE">Coordinates defining the features.</udom></attrdomv></attr><attr><attrlabl Sync="TRUE">FID_Icelan</attrlabl><attalias Sync="TRUE">FID_Icelan</attalias><attrtype Sync="TRUE">Integer</attrtype><attwidth Sync="TRUE">10</attwidth><atprecis Sync="TRUE">10</atprecis><attscale Sync="TRUE">0</attscale></attr><attr><attrlabl Sync="TRUE">full_id</attrlabl><attalias Sync="TRUE">full_id</attalias><attrtype Sync="TRUE">String</attrtype><attwidth Sync="TRUE">254</attwidth><atprecis Sync="TRUE">0</atprecis><attscale Sync="TRUE">0</attscale></attr><attr><attrlabl Sync="TRUE">osm_id</attrlabl><attalias Sync="TRUE">osm_id</attalias><attrtype Sync="TRUE">String</attrtype><attwidth Sync="TRUE">254</attwidth><atprecis Sync="TRUE">0</atprecis><attscale Sync="TRUE">0</attscale></attr><attr><attrlabl Sync="TRUE">osm_type</attrlabl><attalias Sync="TRUE">osm_type</attalias><attrtype Sync="TRUE">String</attrtype><attwidth Sync="TRUE">254</attwidth><atprecis Sync="TRUE">0</atprecis><attscale Sync="TRUE">0</attscale></attr><attr><attrlabl Sync="TRUE">amenity</attrlabl><attalias Sync="TRUE">amenity</attalias><attrtype Sync="TRUE">String</attrtype><attwidth Sync="TRUE">254</attwidth><atprecis Sync="TRUE">0</atprecis><attscale Sync="TRUE">0</attscale></attr><attr><attrlabl Sync="TRUE">operator</attrlabl><attalias Sync="TRUE">operator</attalias><attrtype Sync="TRUE">String</attrtype><attwidth Sync="TRUE">254</attwidth><atprecis Sync="TRUE">0</atprecis><attscale Sync="TRUE">0</attscale></attr><attr><attrlabl Sync="TRUE">addr_stree</attrlabl><attalias Sync="TRUE">addr_stree</attalias><attrtype Sync="TRUE">String</attrtype><attwidth Sync="TRUE">254</attwidth><atprecis Sync="TRUE">0</atprecis><attscale Sync="TRUE">0</attscale></attr><attr><attrlabl Sync="TRUE">addr_postc</attrlabl><attalias Sync="TRUE">addr_postc</attalias><attrtype Sync="TRUE">String</attrtype><attwidth Sync="TRUE">254</attwidth><atprecis Sync="TRUE">0</atprecis><attscale Sync="TRUE">0</attscale></attr><attr><attrlabl Sync="TRUE">addr_house</attrlabl><attalias Sync="TRUE">addr_house</attalias><attrtype Sync="TRUE">String</attrtype><attwidth Sync="TRUE">254</attwidth><atprecis Sync="TRUE">0</atprecis><attscale Sync="TRUE">0</attscale></attr><attr><attrlabl Sync="TRUE">addr_city</attrlabl><attalias Sync="TRUE">addr_city</attalias><attrtype Sync="TRUE">String</attrtype><attwidth Sync="TRUE">254</attwidth><atprecis Sync="TRUE">0</atprecis><attscale Sync="TRUE">0</attscale></attr><attr><attrlabl Sync="TRUE">name</attrlabl><attalias Sync="TRUE">name</attalias><attrtype Sync="TRUE">String</attrtype><attwidth Sync="TRUE">254</attwidth><atprecis Sync="TRUE">0</atprecis><attscale Sync="TRUE">0</attscale></attr><attr><attrlabl Sync="TRUE">alt_name</attrlabl><attalias Sync="TRUE">alt_name</attalias><attrtype Sync="TRUE">String</attrtype><attwidth Sync="TRUE">254</attwidth><atprecis Sync="TRUE">0</atprecis><attscale Sync="TRUE">0</attscale></attr><attr><attrlabl Sync="TRUE">FID_arctic</attrlabl><attalias Sync="TRUE">FID_arctic</attalias><attrtype Sync="TRUE">Integer</attrtype><attwidth Sync="TRUE">10</attwidth><atprecis Sync="TRUE">10</atprecis><attscale Sync="TRUE">0</attscale></attr><attr><attrlabl Sync="TRUE">Id</attrlabl><attalias Sync="TRUE">Id</attalias><attrtype Sync="TRUE">Integer</attrtype><attwidth Sync="TRUE">10</attwidth><atprecis Sync="TRUE">10</atprecis><attscale Sync="TRUE">0</attscale></attr><attr><attrlabl Sync="TRUE">Shape_Leng</attrlabl><attalias Sync="TRUE">Shape_Leng</attalias><attrtype Sync="TRUE">Double</attrtype><attwidth Sync="TRUE">19</attwidth><atprecis Sync="TRUE">0</atprecis><attscale Sync="TRUE">0</attscale></attr></detailed></eainfo><mdDateSt Sync="TRUE">20240805</mdDateSt></metadata>
